{"2_jpg.rf.057f4bf5ee75d62bea09f4e21a08187c.jpg18697":{"filename":"2_jpg.rf.057f4bf5ee75d62bea09f4e21a08187c.jpg","size":18697,"regions":[{"shape_attributes":{"name":"polygon","all_points_x":[209,321,323,210],"all_points_y":[245,238,254,266]},"region_attributes":{"label":"LP"}}],"file_attributes":{}},"3_jpg.rf.33e29d957870a7e690681d1ab32862f7.jpg22396":{"filename":"3_jpg.rf.33e29d957870a7e690681d1ab32862f7.jpg","size":22396,"regions":[{"shape_attributes":{"name":"polygon","all_points_x":[192,293,293,192],"all_points_y":[273,269,279,285]},"region_attributes":{"label":"LP"}}],"file_attributes":{}},"7_jpg.rf.ec9ebb33b8d7ec1fe3af9ba258f74fdc.jpg20945":{"filename":"7_jpg.rf.ec9ebb33b8d7ec1fe3af9ba258f74fdc.jpg","size":20945,"regions":[{"shape_attributes":{"name":"polygon","all_points_x":[157,231,232,158],"all_points_y":[128,126,135,138]},"region_attributes":{"label":"LP"}}],"file_attributes":{}},"9_jpg.rf.614ec62eefb856238c550dd057422640.jpg21000":{"filename":"9_jpg.rf.614ec62eefb856238c550dd057422640.jpg","size":21000,"regions":[{"shape_attributes":{"name":"polygon","all_points_x":[185,243,246,185],"all_points_y":[184,182,204,206]},"region_attributes":{"label":"LP"}}],"file_attributes":{}},"14_jpg.rf.efe81f7ec21780b6d2a40020551f21a2.jpg24347":{"filename":"14_jpg.rf.efe81f7ec21780b6d2a40020551f21a2.jpg","size":24347,"regions":[{"shape_attributes":{"name":"polygon","all_points_x":[144,233,234,145],"all_points_y":[213,209,241,245]},"region_attributes":{"label":"LP"}}],"file_attributes":{}},"20_jpg.rf.7e9d2a97b158407d82b06c11c5527ae7.jpg25285":{"filename":"20_jpg.rf.7e9d2a97b158407d82b06c11c5527ae7.jpg","size":25285,"regions":[{"shape_attributes":{"name":"polygon","all_points_x":[239,295,298,240],"all_points_y":[178,162,190,209]},"region_attributes":{"label":"LP"}}],"file_attributes":{}},"24_jpg.rf.5b4f392088b722d5120c10b34eae337a.jpg28434":{"filename":"24_jpg.rf.5b4f392088b722d5120c10b34eae337a.jpg","size":28434,"regions":[{"shape_attributes":{"name":"polygon","all_points_x":[258,341,341,259],"all_points_y":[306,285,308,333]},"region_attributes":{"label":"LP"}}],"file_attributes":{}},"26_jpg.rf.62e4bc8d62a64ca9782b98f6510ead74.jpg23768":{"filename":"26_jpg.rf.62e4bc8d62a64ca9782b98f6510ead74.jpg","size":23768,"regions":[{"shape_attributes":{"name":"polygon","all_points_x":[158,255,253,157],"all_points_y":[301,296,320,325]},"region_attributes":{"label":"LP"}}],"file_attributes":{}},"27_jpg.rf.bbfb2dd791cd6f9976966c8a3d77b03a.jpg25503":{"filename":"27_jpg.rf.bbfb2dd791cd6f9976966c8a3d77b03a.jpg","size":25503,"regions":[{"shape_attributes":{"name":"polygon","all_points_x":[166,242,243,167],"all_points_y":[219,218,234,238]},"region_attributes":{"label":"LP"}}],"file_attributes":{}},"31_jpg.rf.52f2c1f1e5c52e0c2215e0c293e984ef.jpg30252":{"filename":"31_jpg.rf.52f2c1f1e5c52e0c2215e0c293e984ef.jpg","size":30252,"regions":[{"shape_attributes":{"name":"polygon","all_points_x":[166,249,246,172],"all_points_y":[295,295,314,314]},"region_attributes":{"label":"LP"}}],"file_attributes":{}},"32_jpg.rf.2706e80f241fef829db4fd9b2d06b7a8.jpg24539":{"filename":"32_jpg.rf.2706e80f241fef829db4fd9b2d06b7a8.jpg","size":24539,"regions":[{"shape_attributes":{"name":"polygon","all_points_x":[97,184,181,95],"all_points_y":[299,317,342,323]},"region_attributes":{"label":"LP"}}],"file_attributes":{}},"37_jpg.rf.beb056a4ea9d0586e9295b303faaf2ec.jpg27903":{"filename":"37_jpg.rf.beb056a4ea9d0586e9295b303faaf2ec.jpg","size":27903,"regions":[{"shape_attributes":{"name":"polygon","all_points_x":[198,246,245,198],"all_points_y":[229,228,244,245]},"region_attributes":{"label":"LP"}}],"file_attributes":{}},"39_jpg.rf.e5b08678bd6eb24fb191655c21627586.jpg24690":{"filename":"39_jpg.rf.e5b08678bd6eb24fb191655c21627586.jpg","size":24690,"regions":[{"shape_attributes":{"name":"polygon","all_points_x":[133,262,263,134],"all_points_y":[305,306,342,337]},"region_attributes":{"label":"LP"}}],"file_attributes":{}}}